{"count":1,"self":107.42718719999999,"total":108.647612,"children":{"InitializeActuators":{"count":4,"self":0.0030859999999999998,"total":0.0030859999999999998,"children":null},"InitializeSensors":{"count":4,"self":0.0034579999999999997,"total":0.0034579999999999997,"children":null},"AgentSendState":{"count":4023,"self":0.11873299999999999,"total":0.17596599999999998,"children":{"CollectObservations":{"count":3220,"self":0.022017,"total":0.022017,"children":null},"WriteActionMask":{"count":3220,"self":0.0060069999999999993,"total":0.0060069999999999993,"children":null},"RequestDecision":{"count":3220,"self":0.029209,"total":0.029209,"children":null}}},"DecideAction":{"count":4023,"self":0.94279399999999991,"total":0.95542299999999991,"children":{"RayPerceptionSensor.Perceive":{"count":3220,"self":0.012629,"total":0.012629,"children":null}}},"AgentAct":{"count":4023,"self":0.082431999999999991,"total":0.082431999999999991,"children":null}},"gauges":{"FourPong.CumulativeReward":{"count":4,"max":1.4000001,"min":0.2,"runningAverage":0.75000006,"value":0.8,"weightedAverage":0.931250036}},"metadata":{"timer_format_version":"0.1.0","start_time_seconds":"1687645085","unity_version":"2021.3.27f1","command_line_arguments":"\/home\/imad\/Unity\/Hub\/Editor\/2021.3.27f1\/Editor\/Unity -projectpath \/home\/imad\/Projects\/Unity\/Unity-Pong-ml-agents -useHub -hubIPC -cloudEnvironment production -licensingIpc LicenseClient-imad -hubSessionId 782b697d-771d-4267-94d4-60c2b7181b2c -accessToken q0jBQCgLnMymH8kSzpYCDWpxx9glXe4kFy7uTLpess800af","communication_protocol_version":"1.5.0","com.unity.ml-agents_version":"2.0.1","scene_name":"Pong","end_time_seconds":"1687645194"}}